iteration,gen_diff,cost_diff,gen_GTM,gen_OPGF,cost_GTM,cost_OPGF,status
1,159712.09401220654,4261964.99369896,300500.0029972519,140787.9089850454,3581107.3675473523,-680857.626151608,success
2,100040.39737874776,3227217.4872415913,238500.0023741122,138459.60499536444,2546359.8663775176,-680857.6208640737,success
3,100040.39752615869,3227217.4872415913,238500.0023741122,138459.6048479535,2546359.8663775176,-680857.6208640736,success
4,100040.39752615872,3227217.4872415913,238500.0023741122,138459.60484795348,2546359.8663775176,-680857.6208640737,success
