iteration,gen_diff,cost_diff,gen_GTM,gen_OPGF,cost_GTM,cost_OPGF,status
1,159712.09458720655,4222514.42978688,358000.00357225194,198287.9089850454,4850142.770877352,627628.3410904724,success
2,137730.98102834413,3312766.9298591125,321000.00319819915,183269.02216985502,3940395.270952951,627628.3410938388,success
3,137730.9810284346,3312766.9298591125,321000.00319819915,183269.02216976456,3940395.270952951,627628.3410938388,success
