iteration,gen_diff,cost_diff,gen_GTM,gen_OPGF,cost_GTM,cost_OPGF,status
1,103761.50786343898,1599804.698911992,383000.003822252,279238.495958813,6136542.11279074,4536737.413878748,success
2,166121.9145263656,1569804.6974568032,361000.0035945625,194878.08906819692,6106542.111334659,4536737.413877856,success
3,166121.91452634503,1569804.6974568153,361000.0035945625,194878.0890682175,6106542.111334659,4536737.413877844,success
